{"train/loss": 6.930637836456299, "epoch": 0, "trainer/global_step": 49, "_timestamp": 1716543397.9757442, "_runtime": 84.75473618507385, "_step": 0, "_wandb": {"runtime": 106}}